"id","name","category","applicability_class","constraint_applied","affected_particles","mass_range","coupling_range","observable","required_observables","available_observables","missing_observables","tested_subregion","source_title","arxiv_id","citation_verified","applicability_notes"
"C01","Visible dark photon resonance searches at e+e- colliders","collider","requires_new_backend","false","A_prime","m_Aprime = 0.2806-0.8462 GeV overlaps BaBar 0.02-10.2 GeV","epsilon not specified","sigma(e+e- -> gamma A_prime) * BR(A_prime -> e+e-, mu+mu-) and prompt lifetime","epsilon; A_prime visible partial widths; total width; hadronic R treatment; detector lifetime regime","m_Aprime range from PTArcade 1sigma","epsilon; visible branching fractions; A_prime lifetime; production rate normalization","full 1sigma m_Aprime box overlaps, but no epsilon/BR is available","Search for a dark photon in e+e- collisions at BABAR","1406.2980","true","Do not exclude from mass alone; if epsilon and BRs are supplied this becomes a direct recast/application."
"C02","LHCb prompt and displaced dimuon dark photon searches","collider","requires_new_backend","false","A_prime","m_Aprime = 0.2806-0.8462 GeV; prompt search overlaps, displaced published low-mass window partly overlaps 0.2806-0.350 GeV","epsilon not specified","pp -> A_prime + X, A_prime -> mu+mu- prompt/displaced yield","epsilon; A_prime lifetime; BR(A_prime -> mu+mu-); production mode mapping","m_Aprime range from PTArcade 1sigma","epsilon; muonic branching fraction; lifetime; LHCb acceptance recast","full mass box for prompt-like search; lower part for displaced window","Search for dark photons produced in 13 TeV pp collisions","1710.02867","true","Requires lifetime and branching information; no exclusion is claimed."
"C03","Visible fixed-target and beam-dump dark photon searches","beam_dump","requires_new_backend","false","A_prime","m_Aprime = 0.2806-0.8462 GeV, overlapping parts of fixed-target/dump compilations","epsilon not specified","production in electron/proton dump or fixed target times visible decay probability","epsilon; lifetime; visible BRs; production rates in target material; shielding/geometry acceptance","m_Aprime range from PTArcade 1sigma","epsilon; A_prime total/partial widths; experiment-specific recast inputs","mass overlap only; coupling/lifetime slice unavailable","Serendipity in dark photon searches","1801.04847","true","DarkCast-style recast is the appropriate backend once epsilon and decay tables exist."
"C04","Invisible dark photon missing-energy searches","fixed_target","recast_needed","false","A_prime, rho","m_Aprime = 0.2806-0.8462 GeV overlaps BaBar invisible range m_Aprime <= 8 GeV and sub-GeV missing-energy programs","epsilon and invisible branching ratio not specified","sigma(production) * BR(A_prime -> invisible)","epsilon; invisible final states; BR(A_prime -> invisible); total width; detector acceptance","m_Aprime and m_rho ranges","existence and rate of invisible decay channels; epsilon; lifetime","mass overlap, but minimal no-fermion model has no specified dark matter invisible channel","Search for Invisible Decays of a Dark Photon Produced in e+e- Collisions at BaBar","1702.03327","true","Not directly applicable unless additional invisible states or long-lived dark-sector final states are defined."
"C05","Rare meson and resonance production of visible dark photons","flavor","requires_new_backend","false","A_prime","m_Aprime = 0.2806-0.8462 GeV; pi0 channel closed, eta/vector-meson and heavy-flavor channels may overlap","epsilon not specified","BR(meson -> gamma A_prime or X A_prime) * BR(A_prime -> SM)","epsilon; visible BRs; hadronic decay model; meson production rates; lifetime acceptance","m_Aprime range","epsilon; A_prime decay table; meson production and acceptance recast","eta/vector/heavy-flavor overlap only; no coupling slice","US Cosmic Visions: New Ideas in Dark Matter 2017: Community Report","1707.04591","true","Mass alone is insufficient; pi0-specific limits do not overlap because m_Aprime exceeds m_pi0."
"C06","Light dark-Higgs scalar beam-dump and rare-meson searches","beam_dump","requires_new_backend","false","rho","m_rho = 0.0286-0.0947 GeV overlaps light scalar ranges below kaon and B masses","lambda_HP or scalar-Higgs mixing angle not specified","production of scalar through Higgs mixing and visible displaced decays","lambda_HP; scalar-Higgs mixing angle; rho decay widths/BRs; meson production rates; lifetime acceptance","m_rho range","lambda_HP; mixing angle; rho lifetime; visible branching fractions","full 1sigma m_rho range","Cosmological beam dump: constraints on dark scalars mixed with the Higgs boson","1812.07585","true","Laboratory scalar limits need the portal-induced mixing and lifetime; not applied."
"C07","Higgs exotic and invisible decays to dark-sector particles","collider","requires_new_backend","false","rho, A_prime","m_rho and m_Aprime below m_h/2; kinematically open if portal operators generate h -> rho rho or h -> A_prime A_prime","lambda_HP and epsilon not specified","BR(h -> dark sector), visible/invisible/long-lived final-state branching fractions","lambda_HP; scalar mixing; h-rho-rho coupling; h-A_prime-A_prime effective rate; dark-sector decay table","dark masses and portal operators listed upstream","lambda_HP; Higgs mixing; exotic Higgs branching fractions; decay lengths","entire 1sigma region kinematically open, but rate unknown","Feebly Interacting Particles: FIPs 2022 workshop report","2305.01715","true","Kinematics alone does not imply a bound; rates are portal controlled."
"C08","BBN/CMB constraints on dark photon freeze-in and decays","BBN","requires_new_backend","false","A_prime","m_Aprime = 0.2806-0.8462 GeV lies within 1 MeV-100 GeV range discussed for decoupled mediators","epsilon not specified","freeze-in abundance, lifetime, visible/invisible branching, injected electromagnetic/hadronic energy","epsilon; A_prime lifetime; freeze-in yield; branching fractions; dark/visible temperature ratio","m_Aprime; upstream assumes xi=1 for FOPT","epsilon; abundance/yield; lifetime; branching fractions; BBN/CMB energy-injection observable","full 1sigma mass range overlaps mediator-decay cosmology studies","Cosmological Constraints on Decoupled Dark Photons and Dark Higgs","1605.07195","true","Cannot apply from lifetime or mass alone; abundance and decay channels are required."
"C09","BBN/CMB constraints on dark-Higgs freeze-in and decays","CMB","requires_new_backend","false","rho","m_rho = 0.0286-0.0947 GeV lies in scalar ranges covered by cosmological beam-dump analyses","lambda_HP or scalar-Higgs mixing angle not specified","scalar freeze-in yield, lifetime, decay modes, electromagnetic/hadronic energy injection","lambda_HP; scalar-Higgs mixing; rho lifetime; decay branching fractions; freeze-in abundance","m_rho; optional portal term listed","lambda_HP; mixing angle; rho decay table; freeze-in yield; BBN/CMB likelihood observable","full 1sigma m_rho range","Cosmological beam dump: constraints on dark scalars mixed with the Higgs boson","1812.07585","true","Potentially important because m_rho < 2 m_Aprime, so dark-sector decays may be portal suppressed."
"C10","Delta N_eff and dark-radiation thermal history","Neff","requires_new_backend","false","A_prime, rho","masses nonrelativistic by BBN if sector cools conventionally, but abundance/decoupling history unknown","epsilon, lambda_HP, xi history not specified","Delta N_eff and entropy/energy density in dark sector at BBN/CMB","thermalization/decoupling temperature; temperature ratio; annihilation/decay history; lifetimes; branching fractions","FOPT/PTA assumes xi=1 at transition; masses available","xi evolution to BBN/CMB; dark entropy transfer; decay/annihilation rates; Delta N_eff","entire 1sigma region; no validated BBN/CMB thermal history","NANOGrav Signal from a Dark Conformal Phase Transition","2306.17086","true","The FOPT xi=1 assumption is not itself a BBN/CMB calculation."
"C11","Consistency of xi = 1 with negligible portals","thermalization","requires_new_backend","false","A_prime, rho, SM bath","FOPT temperatures in PTA benchmarks are O(0.01-0.1) GeV; masses are sub-GeV","epsilon and lambda_HP unspecified/negligible for FOPT","interaction rate Gamma_SM-dark / H before and during the transition","epsilon; lambda_HP; scattering/annihilation rates; initial-condition assumption; H(T)","FOPT/PTA uses xi=1; portals assumed negligible for FOPT","thermalization rate; decoupling temperature; temperature-ratio evolution","full 1sigma region; requires posterior-level thermal rates","Sub-GeV dark matter and nano-Hertz gravitational waves from a classically conformal dark sector","2502.19478","true","This is a consistency condition, not an exclusion, until portal values or initial conditions are specified."
"C12","SN1987A dark photon energy-loss and trapping bounds","supernova","approximate","false","A_prime","m_Aprime = 0.2806-0.8462 GeV is above the strongest low-mass SN1987A region; lower edge may need a dedicated check","epsilon not specified","supernova production, absorption/trapping, and energy loss in core","epsilon; in-medium production rate; absorption opacity; branching/decay length; supernova core model","m_Aprime range","epsilon; supernova in-medium rate and trapping calculation","lower edge near 0.28 GeV only plausibly overlaps; most of box likely Boltzmann suppressed","Updated Constraints on Self-Interacting Dark Matter from Supernova 1987A","1706.08871","true","Classified approximate because source metadata indicates large astrophysical/systematic uncertainties and lower-mass focus; no quantitative exclusion applied."
"C13","Ordinary stellar-cooling constraints","stellar","not_applicable","false","A_prime, rho","m_Aprime = 0.2806-0.8462 GeV and m_rho = 0.0286-0.0947 GeV are far above keV stellar core temperatures for standard stellar cooling","epsilon/lambda_HP unspecified","stellar energy-loss rate","light enough mediator and couplings to stellar plasma","masses available","none for standard keV-temperature stellar cooling","no thermal overlap with ordinary stellar cores","Feebly Interacting Particles: FIPs 2022 workshop report","2305.01715","true","Boltzmann suppression makes standard star cooling inapplicable; supernova is treated separately."
"C14","Direct-detection scattering constraints","direct_detection","not_applicable","false","rho, A_prime","sub-GeV mediators present, but no stable dark matter particle or relic abundance is specified","epsilon/lambda_HP and DM coupling not specified","DM-nucleus/electron scattering cross section or dark photon absorption rate","stable DM candidate; local density fraction; scattering/absorption cross section","no dark matter particle in validated minimal model","DM identity; relic abundance; local fraction; scattering cross section","not applicable to minimal no-fermion model as a DM model","Direct Detection Constraints on Dark Photon Dark Matter","1412.8378","true","If rho is promoted to metastable DM, this must be reopened with relic abundance and portal couplings."
"C15","Indirect detection and late-decay energy injection","indirect_detection","requires_new_backend","false","rho, A_prime","masses in MeV-GeV range can inject photons/electrons if long-lived populations exist","epsilon/lambda_HP unspecified","late-time decay or annihilation power into visible final states","relic abundance; lifetime; annihilation cross sections; branching fractions; cosmological history","masses; no relic abundance","relic abundance; lifetimes; branching fractions; annihilation rates","full 1sigma region only if long-lived abundance exists","Dark Higgs Dark Matter","2005.02397","true","No indirect bound can be applied without a population of long-lived particles."
"C16","Perturbativity and tree-level unitarity of dark gauge sector","theory","direct","true","A_prime, rho","g_D = 0.5231-0.5739; beta_lambda = 0.002844-0.004122","g_D directly known","g_D, alpha_D, beta_lambda, loop expansion size","g_D; beta_lambda; model convention","g_D 1sigma; beta_lambda derived from validated convention","none","entire 1sigma posterior box","Validated u1conformal model handoff","local","true","Passes a conservative perturbativity check; this is a validity classification, not an experimental exclusion."
"C17","Gauge anomaly and degree-of-freedom consistency","theory","direct","true","Phi, A_prime","not mass-limited","no new chiral fermion couplings","absence of uncancelled gauge anomalies and consistent SSB degree counts","field content and charges","validated model has no new chiral fermions; charge-one scalar Higgses U(1)_D","none","entire validated model","Validated u1conformal critique handoff","local","true","No anomaly obstruction identified upstream; direct theory check passes."
"C18","FOPT/PTA theory-validity caveats: percolation, gauge dependence, and wall dynamics","theory","approximate","false","rho, A_prime, bubbles","PTArcade 1sigma maps to sub-GeV masses; PTA best points have strong supercooling and large alpha","g_D and v known; wall friction parameters absent","percolation probability, gauge-independent effective potential, wall velocity/runaway condition, bulk-flow template validity","posterior-level FOPT outputs; wall friction; gauge-independent calculation; reheating/percolation checks","semi-analytic alpha, beta_H, Tn/Tp/Treh machinery; PTA warning flags","wall-friction/runaway calculation; gauge-independent thermal potential; posterior distribution of percolation/reheating observables","entire 1sigma region, especially supercooled points selected by PTArcade","Gauge-independent gravitational waves from a minimal dark U(1) sector with viable dark matter candidates","2602.14866","true","Existing backend gives an approximate viability screen; not a first-principles exclusion or validation."
