id,kind,category,severity,controlled,affected_outputs,description,required_solution,source_file,source_section,source_note
PA01,caveat,literature_novelty,5,false,"librarian novelty verdict|benchmark interpretation|final scientific claims","The broad class of classically conformal dark U(1) phase transitions has already been studied; novelty is only partial for the exact no-fermion, charge-one, PTArcade implementation.","Frame novelty narrowly and compare against the closest U(1) Coleman-Weinberg/PTA papers with explicit model-content differences.",output/u1conformal/handoff_librarian_preliminary.json,novelty_verdict,"Not novel as a broad class; partially novel only in the stripped-down convention and implementation."
PA02,warning,conventions,6,false,"benchmark seeding|parameter comparisons|mass-range constraints","Literature benchmarks use multiple U(1) charge and vev conventions, including m_ZD = 2 g_D M, while this pipeline uses q_Phi = 1 and m_Aprime = g_D v.","Maintain an explicit conversion table for each imported benchmark and verify all mass, vev, and coupling translations before quoting comparisons.",output/u1conformal/handoff_librarian_preliminary.json,"warnings; benchmark_hints","Closest same-model paper uses a different dark charge/mass convention."
PA03,assumption,parameter_basis,4,true,"FOPT scan|PTArcade priors|mass formulas","lambda_Phi is fixed by the Coleman-Weinberg/backend relation and is not an independent scanned parameter.","Keep lambda_Phi out of independent priors and record beta_lambda/lambda_Phi as derived quantities for every posterior sample.",output/u1conformal/handoff_model.json,parameter_basis.dependent,"The critic and FOPT handoffs consistently treat lambda_Phi as dependent."
PA04,limitation,portal_inputs,9,false,"constraints|thermal history|decay lifetimes|phenomenological viability","epsilon and lambda_HP are unspecified and assumed negligible for FOPT, but they are essential for laboratory, cosmological, and visible-sector constraints.","Specify priors or benchmark values for epsilon and lambda_HP and implement the corresponding width, lifetime, branching-ratio, and production calculations.",output/u1conformal/handoff_constraints.json,"warnings; missing_calculations","No collider, beam-dump, SN1987A, BBN, CMB, direct, or indirect exclusion was applied without these observables."
PA05,assumption,thermal_history,9,false,"FOPT temperatures|GW amplitude|Delta N_eff|BBN/CMB interpretation","The FOPT/PTA calculation fixes xi = T_dark/T_visible = 1 while the couplings that could maintain thermal contact are small or unspecified.","Compute Gamma_SM-dark/H, decoupling, entropy transfer, and xi(T), or explicitly impose and justify xi = 1 as an initial condition.",output/u1conformal/handoff_constraints.json,constraints C10-C11,"xi=1 is an input assumption, not a derived result."
PA06,approximation,fopt_backend,8,false,"alpha|beta_H|Tn|Tp|Treh|PTA spectrum","The FOPT stage uses the semi-analytic conformal single-field backend with a high-temperature/small-field polynomial form and subleading scalar/Goldstone treatment.","Benchmark against a full finite-temperature effective-potential implementation over representative posterior points.",output/u1conformal/handoff_fopt.json,approximations,"Semi-analytic backend with scalar/Goldstone contributions treated as subleading."
PA07,limitation,finite_temperature_theory,8,false,"transition strength|nucleation|percolation|literature comparisons","Full Daisy resummation, RG running, longitudinal gauge thermal masses, scalar thermal masses, and gauge/resummation prescription variations were not implemented.","Add a controlled finite-temperature potential implementation and compare Landau-gauge, gauge-independent, and resummation-scheme variants where available.",output/u1conformal/handoff_critique.json,"validation_thermal_masses; warnings","Not required by the selected backend, but required for a full finite-temperature implementation."
PA08,approximation,percolation,7,false,"viability labels|Tn|Tp|Treh|PTA posterior","The backend uses a Gaussian false-vacuum-fraction/percolation approximation; percolation and eternal-inflation checks are present only at backend-screen level.","Run posterior-level percolation and false-vacuum survival checks with uncertainty bands for the preferred region.",output/u1conformal/handoff_fopt.json,"approximations; validation","Percolation_checked is true, but the method remains approximate."
PA09,uncertainty,strong_supercooling,9,false,"best-fit PTA spectra|template validity|GW amplitude","The PTA-preferred points involve very large alpha, sometimes extremely large, so standard beta/H, reheating, and fluid approximations may not be reliably controlled.","Audit posterior samples for supercooling validity, reheating consistency, vacuum domination, and beta/H definition robustness.",output/u1conformal/handoff_pta.json,"template_validity; benchmark_analysis.best_fit_points","Best 14/14 benchmark has alpha about 2.1e6; another has alpha about 2.1e11."
PA10,uncertainty,wall_dynamics,9,false,"GW template normalization|source lifetime|PTA likelihood","Wall velocity, microscopic friction, runaway conditions, and the bulk-flow/dissipative-bulk-flow partition were not computed.","Implement a wall-dynamics module or scan conservative wall/friction regimes and propagate the uncertainty through the PTA spectrum.",output/u1conformal/handoff_pta.json,"warnings; template_validity","bf was selected because dissipative wall-friction inputs are absent."
PA11,uncertainty,gauge_dependence,8,false,"literature comparison|transition parameters|theory credibility","Published finite-temperature comparisons and related benchmarks often use Landau-gauge one-loop potentials; gauge dependence remains an uncontrolled theory systematic.","Compare against gauge-independent approximations or vary gauge/resummation prescriptions to estimate a theory envelope.",output/u1conformal/handoff_librarian_preliminary.json,theory_uncertainties,"Gauge dependence of finite-temperature effective potentials is flagged across relevant papers."
PA12,caveat,pta_template,8,false,"benchmark scoring|PTArcade posterior|best-fit spectrum","The bf spectrum template is the closest implemented template for a strongly supercooled transition, not a first-principles validation of this model's GW source.","Propagate template alternatives and wall-dynamics uncertainty, and avoid interpreting the bf posterior as uniquely model-selected.",output/u1conformal/handoff_pta.json,"spectrum_template; template_validity","Closest-template choice with caveats."
PA13,caveat,pta_template,6,true,"template comparison|PTA interpretation","The higgsless sound-wave template was considered but not selected because the large-alpha supercooled regime is outside clean sound-wave validity assumptions.","Keep the sound-wave score as a diagnostic only unless a validity calculation supports it.",output/u1conformal/handoff_pta.json,benchmark_analysis.template_comparison,"higgsless scored bins but was not selected for physical validity reasons."
PA14,limitation,ptarcade_convergence,7,false,"posterior means|credible regions|MAP estimate","PTArcade completed one 100000-sample campaign with finite chains, but no multi-chain convergence, autocorrelation, effective-sample-size, or prior-sensitivity study was performed.","Run independent chains, inspect autocorrelation and effective sample size, and repeat with alternative priors/templates.",output/u1conformal/handoff_pta.json,"warnings; ptarcade_analysis.chain_validation","Acceptance and finite rows were checked, but convergence was not."
PA15,prior,ptarcade_priors,6,false,"posterior regions|Bayes estimates|boundary behavior","PTArcade samples v through a log-uniform prior on log10_v over 0.003-5 GeV and g_D through a uniform prior over 0.42-1.05; these choices are informative.","Run prior-range and measure-sensitivity checks, including wider/narrower v and g_D ranges and explicit reporting of boundary posterior mass.",output/u1conformal/handoff_pta.json,ptarcade_analysis.priors,"v prior is uniform in log10_v; g_D prior is uniform linearly."
PA16,limitation,scan_design,5,false,"benchmark discovery|PTA prior justification|scan coverage","The FOPT seed scan covered v = 0.01-1.0 GeV and g_D = 0.1-0.9, while the PTA/PTArcade prior later expanded to v = 0.003-5.0 GeV and g_D = 0.42-1.05.","Document why the later PTA range is valid and run a consistent posterior-driven FOPT diagnostic over the full PTArcade prior box.","output/u1conformal/handoff_fopt.json and output/u1conformal/handoff_pta.json","model_parameter_ranges; benchmark_analysis.prior_ranges","PTA stage expanded the explored range around viable benchmarks."
PA17,approximation,frequency_estimate,3,true,"FOPT benchmark ranking|PTA handoff seeding","f_peak_est in the FOPT scan is only an order-of-magnitude redshifted frequency scale setter and not the physical PTA template peak.","Continue using full PTA spectra for likelihood work and keep f_peak_est out of final spectral claims.",output/u1conformal/handoff_fopt.json,"warnings; benchmark entries","The handoff explicitly warns that PTA spectral templates belong to the PTA stage."
PA18,limitation,constraints,9,false,"phenomenological viability|allowed parameter space|final exclusion statements","Most experimental, astrophysical, and cosmological constraints were not applied because required observables were missing.","Treat the current result as unconstrained by those searches until the missing observables and recasts are implemented.",output/u1conformal/handoff_constraints.json,"constraint_summary; warnings","Only 2 constraints were directly testable; 11 require a new backend."
PA19,limitation,dark_photon_phenomenology,9,false,"BaBar/LHCb/beam-dump limits|BBN/CMB dark-photon limits|SN1987A checks","A_prime widths, visible/invisible branching fractions, decay lengths, production rates, and recasts are missing because epsilon and decay assumptions are absent.","Implement dark_photon_widths.py and dark_photon_recasts.py with an epsilon prior and decay-channel model.",output/u1conformal/handoff_constraints.json,"constraints C01-C05, C08, C12; missing_calculations","Dark photon limits cannot be applied from mass alone."
PA20,limitation,dark_higgs_phenomenology,9,false,"light scalar searches|Higgs exotic constraints|BBN/CMB scalar limits","rho decay widths, Higgs mixing, portal production, and scalar lifetimes are missing; rho -> A_prime A_prime is closed in the PTArcade 1sigma box.","Implement lambda_HP to scalar-Higgs mixing, rho partial widths, and cosmological lifetime/yield calculations.",output/u1conformal/handoff_constraints.json,"warnings; constraints C06-C09","Visible rho decays are portal controlled."
PA21,limitation,cosmology_constraints,9,false,"cosmological viability|thermal-history interpretation|constraint table","BBN, CMB, Delta N_eff, freeze-in, residual abundance, and late energy-injection constraints are not computed.","Implement thermal_history.py, cosmology_constraints.py, and neff.py with portal couplings, decay tables, yields, and entropy tracking.",output/u1conformal/handoff_constraints.json,"constraints C08-C11, C15; missing_calculations","Masses and xi=1 are insufficient to apply cosmology bounds."
PA22,approximation,constraint_projection,5,false,"derived mass ranges|constraint applicability summaries","The constraints agent treated the PTArcade 1sigma region as a rectangular box rather than reconstructing correlated posterior samples.","Propagate actual chain samples through derived masses and future constraint backends.",output/u1conformal/handoff_constraints.json,"approximations; input_region.notes","Parameter correlations were not reconstructed from the chain."
PA23,caveat,dark_matter,3,true,"constraint interpretation|scope of model","Direct-detection constraints are not applicable to the validated minimal no-fermion model because no stable dark matter particle or local density fraction is defined.","Do not quote direct-detection bounds unless a stable dark matter candidate is added.",output/u1conformal/handoff_constraints.json,constraint C14,"Direct detection can be reopened only if a DM candidate is added."
PA24,caveat,benchmark_transfer,5,false,"PTA prior selection|benchmark seeding|literature comparison","Closest PTA-scale conformal U(1) benchmarks include additional fermions, dark matter dynamics, or different thermal histories that can shift thermal masses and viable priors.","Separate same-model, structurally similar, and target-signal-only benchmarks in all reports and avoid transferring priors without caveats.",output/u1conformal/handoff_librarian_preliminary.json,"papers; benchmark_hints","arXiv:2502.19478 is close but includes anomaly-cancelling fermions and dark matter dynamics."
PA25,approximation,thermal_degrees_of_freedom,4,false,"order-of-magnitude peak estimates|frequency-scale diagnostics","The FOPT f_peak_est uses g_* interpolated from a table and clamped at table boundaries.","For final spectra, use the PTA template computation; if f_peak_est is reported, include the g_* interpolation/clamping caveat.",output/u1conformal/handoff_fopt.json,approximations,"g_* for f_peak_est is interpolated and clamped."
PA26,limitation,model_comparison,5,false,"Bayesian model comparison|strength of PTA preference claims","The PTArcade handoff reports posterior summaries but no evidence estimate or evidence error, so model comparison support is absent.","Run an evidence-capable campaign or restrict claims to posterior fits under the chosen model/template/prior.",output/u1conformal/handoff_pta.json,ptarcade_analysis.bayes_estimates,"evidence and evidence_error are null."
